{"PositionX":-6.5030412673950199,"PositionY":-1.3399369716644288,"PositionZ":0.0}